"resolution","ARI","NMI"
0.05,0.673333289868499,0.773101849715773
0.1,0.859776376118538,0.882951525181992
0.2,0.859776376118538,0.882951525181992
0.3,0.859776376118538,0.882951525181992
0.4,0.859776376118538,0.882951525181992
0.5,0.859776376118538,0.882951525181992
